[{"model": "accounts.department", "pk": 1, "fields": {"name": "Отдел информационно-технического обеспечения"}}, {"model": "accounts.department", "pk": 2, "fields": {"name": "Генеральный директор"}}, {"model": "accounts.department", "pk": 3, "fields": {"name": "Подразделения информационных технологий"}}, {"model": "accounts.department", "pk": 4, "fields": {"name": "Финансовый директор"}}, {"model": "auth.user", "fields": {"password": "pbkdf2_sha256$1000000$I2ExJhgcOCwqw1sJuFGkbA$dVUBW5co72IvJqwEw0R8KunUkuDZCX14hRYkfNQOkmQ=", "last_login": "2025-11-10T04:11:19.359Z", "is_superuser": true, "username": "newvirinin", "first_name": "Семен", "last_name": "Аверин", "email": "averinsi.it@yandex.ru", "is_staff": true, "is_active": true, "date_joined": "2025-11-05T03:22:41Z", "groups": [], "user_permissions": []}}, {"model": "auth.user", "fields": {"password": "pbkdf2_sha256$1000000$DbtimIMYuQTUHe94EyHU8z$JRGkNHCmsaLN3p3qTbGnEV8OABa4zZuTB6jYJpX9PpQ=", "last_login": "2025-11-10T04:18:27.871Z", "is_superuser": false, "username": "kap", "first_name": "Андрей", "last_name": "Каланчин", "email": "kap@hfj.ru", "is_staff": false, "is_active": true, "date_joined": "2025-11-06T04:46:09Z", "groups": [], "user_permissions": []}}, {"model": "auth.user", "fields": {"password": "pbkdf2_sha256$1000000$JOHSDCR0ZmKKFpMY21s1eR$Ug1UH1RZ38bK8hJom01ID+f8Mr7jhuu0Ir2/+qGjjZU=", "last_login": "2025-11-10T03:49:49.808Z", "is_superuser": false, "username": "lep", "first_name": "Екатерина", "last_name": "Лунина", "email": "lep@kfj.ru", "is_staff": false, "is_active": true, "date_joined": "2025-11-06T09:05:39Z", "groups": [], "user_permissions": []}}, {"model": "auth.user", "fields": {"password": "pbkdf2_sha256$1000000$lRZiC8DBOEFVgAMfgjZPyB$r/5UST9doRsRO9SkTQxnRxtnpV75Qh3WRriNhmED9cI=", "last_login": "2025-11-10T04:07:21Z", "is_superuser": false, "username": "smn", "first_name": "Михаил", "last_name": "Семёнов", "email": "smn@hgjf.ru", "is_staff": false, "is_active": true, "date_joined": "2025-11-06T09:11:19Z", "groups": [], "user_permissions": []}}, {"model": "auth.user", "fields": {"password": "pbkdf2_sha256$1000000$vBScTZqchkij4LQx9xoneV$YG8+eBr83mxT4NykL/dJZswrWBTre460gIVpCy46G2E=", "last_login": "2025-11-06T10:01:37Z", "is_superuser": false, "username": "ppa", "first_name": "Павел", "last_name": "Пшеничников", "email": "ppa@hghf.ru", "is_staff": false, "is_active": true, "date_joined": "2025-11-06T09:12:18Z", "groups": [], "user_permissions": []}}, {"model": "auth.user", "fields": {"password": "pbkdf2_sha256$1000000$3wdbsioxv9kxvMLfDPpP4k$lsWa/r7VUfpfoPJFJlXSkJHiYotknI1Qgdl8FK0BpcY=", "last_login": "2025-11-09T16:28:28.395Z", "is_superuser": false, "username": "shan", "first_name": "Андрей", "last_name": "Шестаков", "email": "shan@kdk.ru", "is_staff": false, "is_active": true, "date_joined": "2025-11-06T09:13:26Z", "groups": [], "user_permissions": []}}, {"model": "auth.user", "fields": {"password": "pbkdf2_sha256$1000000$p5YFsTHlOQD6NaP5ee1Op7$sa0HvMgg8adlxtRs2gV7FXXAv3QkJ3uZiddid6xAnh8=", "last_login": null, "is_superuser": false, "username": "saa", "first_name": "Алексей", "last_name": "Симоненко", "email": "saa@fkfk.ru", "is_staff": false, "is_active": true, "date_joined": "2025-11-06T09:25:40Z", "groups": [], "user_permissions": []}}, {"model": "auth.user", "fields": {"password": "pbkdf2_sha256$1000000$Yad10aoeJt2RlAYTEDJw7S$OBAR4WIRjZgzqumM6Xe3ZIeuWtkMhIvnv53NOUk4vYI=", "last_login": "2025-11-07T15:54:07.336Z", "is_superuser": false, "username": "pvs", "first_name": "Виталий", "last_name": "Пинтюков", "email": "pvs@hfhf.ru", "is_staff": false, "is_active": true, "date_joined": "2025-11-06T10:13:08Z", "groups": [], "user_permissions": []}}, {"model": "auth.user", "fields": {"password": "pbkdf2_sha256$1000000$kB5X6KCX4qjFAG20vi2ZtX$cJr0BXTS89lW+66b3iHAQfml0ZDf0yX33kMPOo6htas=", "last_login": null, "is_superuser": false, "username": "zsv", "first_name": "Сергей", "last_name": "Золотухин", "email": "zsv@hgh.ru", "is_staff": false, "is_active": true, "date_joined": "2025-11-06T10:15:00Z", "groups": [], "user_permissions": []}}, {"model": "auth.user", "fields": {"password": "pbkdf2_sha256$1000000$6zRIEMe6U78qtNcBFlwZKZ$zj23UHZ+KDy8mhl57xgDTEF8tGFsIzT3WE3t+Dqvgqc=", "last_login": "2025-11-09T05:17:29.575Z", "is_superuser": false, "username": "ksa", "first_name": "Сергей", "last_name": "Курочкин", "email": "ksa@djdj.ru", "is_staff": false, "is_active": true, "date_joined": "2025-11-06T15:18:29Z", "groups": [], "user_permissions": []}}, {"model": "auth.user", "fields": {"password": "pbkdf2_sha256$1000000$wWNMqtGdg9IiiYeIzo4IBO$c9JbwSHGPSMEgdmYQKwcpOzQTPo+FNkKEAgOb3MyFhY=", "last_login": "2025-11-06T15:28:58Z", "is_superuser": false, "username": "shia", "first_name": "Иван", "last_name": "Шинжаков", "email": "shia@hf.ru", "is_staff": false, "is_active": true, "date_joined": "2025-11-06T15:28:49Z", "groups": [], "user_permissions": []}}, {"model": "sessions.session", "pk": "rplxzu2k8i97red5gdqge785wowu3vhk", "fields": {"session_data": ".eJxVjMsOwiAUBf-FtSEFepG6dO83kPsAqRqalHZl_HfbpAvdnpk5bxVxXUpcW5rjKOqirDr9boT8THUH8sB6nzRPdZlH0ruiD9r0bZL0uh7u30HBVrbahZ7YAlmwQbKj3mXyHgKIEQ5W2KJBNo6zh_PAGxmMeOwSsacOWH2-5NA4Kg:1vIJMJ:M9EMzIoJRkzLikb_HS7Q_kORqwVdvHK15B20EnAO5uc", "expire_date": "2025-11-24T04:18:27.873Z"}}, {"model": "contacts.question", "pk": 3, "fields": {"user": ["newvirinin"], "name": "Семен Аверин", "email": "averin@mail.npptec.ru", "body": "аоаоаоа", "is_closed": false, "created_at": "2025-11-06T14:49:58.987Z"}}, {"model": "contacts.question", "pk": 4, "fields": {"user": ["smn"], "name": "Михаил Семёнов", "email": "smn@hgjf.ru", "body": "фаьптдыавоплыва", "is_closed": true, "created_at": "2025-11-06T14:50:28.763Z"}}, {"model": "contacts.question", "pk": 5, "fields": {"user": ["ppa"], "name": "Павел Пшеничников", "email": "ppa@hghf.ru", "body": "онпшпшп", "is_closed": true, "created_at": "2025-11-06T15:07:59.703Z"}}, {"model": "contacts.question", "pk": 6, "fields": {"user": ["newvirinin"], "name": "Семен Аверин", "email": "averin@mail.npptec.ru", "body": "rkhkhjjkhhjk", "is_closed": false, "created_at": "2025-11-06T15:16:21.480Z"}}, {"model": "projects.project", "pk": 1, "fields": {"user": ["newvirinin"], "title": "Работа с поставщиками", "description": "Работа с поставщиками", "created_at": "2025-11-05T04:54:12.582Z", "is_archived": true, "total_time": "00:00:04.206909", "review_status": "none", "review_submitted_by": null, "review_submitted_at": null, "reviewed_by": null, "reviewed_at": null, "review_comment": "", "submit_comment": ""}}, {"model": "projects.project", "pk": 2, "fields": {"user": ["newvirinin"], "title": "Провести закупку техники на 2026 год", "description": "Описание", "created_at": "2025-11-06T04:43:53.623Z", "is_archived": true, "total_time": "00:00:09.017882", "review_status": "none", "review_submitted_by": null, "review_submitted_at": null, "reviewed_by": null, "reviewed_at": null, "review_comment": "", "submit_comment": ""}}, {"model": "projects.project", "pk": 3, "fields": {"user": ["kap"], "title": "Проект 1", "description": "ыопыаоыаопаоы", "created_at": "2025-11-06T04:47:31.188Z", "is_archived": true, "total_time": "00:00:07.423350", "review_status": "none", "review_submitted_by": null, "review_submitted_at": null, "reviewed_by": null, "reviewed_at": null, "review_comment": "", "submit_comment": ""}}, {"model": "projects.project", "pk": 4, "fields": {"user": ["kap"], "title": "Проект 2", "description": "алалл", "created_at": "2025-11-06T06:05:44.426Z", "is_archived": true, "total_time": "1 00:20:26.053782", "review_status": "approved", "review_submitted_by": ["kap"], "review_submitted_at": "2025-11-09T15:44:50.663Z", "reviewed_by": ["lep"], "reviewed_at": "2025-11-09T15:45:07.534Z", "review_comment": "", "submit_comment": "Внесены изменения."}}, {"model": "projects.project", "pk": 5, "fields": {"user": ["kap"], "title": "Проект 3", "description": "аопалал", "created_at": "2025-11-06T06:06:10.760Z", "is_archived": true, "total_time": "00:00:32.000496", "review_status": "approved", "review_submitted_by": ["kap"], "review_submitted_at": "2025-11-09T16:08:51.741Z", "reviewed_by": ["lep"], "reviewed_at": "2025-11-09T16:15:16.063Z", "review_comment": "", "submit_comment": "Счет на оплате"}}, {"model": "projects.project", "pk": 6, "fields": {"user": ["newvirinin"], "title": "Закупка программного обеспечения на 2026 год", "description": "В рамках годового бюджетирования, необходимо закупить программное обеспечение, для выполнения целей компании в сфере информационных технологий", "created_at": "2025-11-06T06:33:43.321Z", "is_archived": true, "total_time": "00:29:28.066792", "review_status": "none", "review_submitted_by": null, "review_submitted_at": null, "reviewed_by": null, "reviewed_at": null, "review_comment": "", "submit_comment": ""}}, {"model": "projects.project", "pk": 8, "fields": {"user": ["newvirinin"], "title": "Закупка ПК на 2026", "description": "Проект направлен на организацию закупочных процедур ПК на 2026 год", "created_at": "2025-11-07T15:12:31.834Z", "is_archived": true, "total_time": "22:58:39.709923", "review_status": "approved", "review_submitted_by": ["newvirinin"], "review_submitted_at": "2025-11-09T05:22:40.578Z", "reviewed_by": ["smn"], "reviewed_at": "2025-11-10T04:07:51.398Z", "review_comment": "", "submit_comment": "Счет передан на оплату"}}, {"model": "projects.project", "pk": 9, "fields": {"user": ["ksa"], "title": "првпывпр", "description": "ыпрывпрпрв", "created_at": "2025-11-07T15:37:49.037Z", "is_archived": false, "total_time": "00:03:24.321469", "review_status": "approved", "review_submitted_by": ["ksa"], "review_submitted_at": "2025-11-09T05:11:55.496Z", "reviewed_by": ["smn"], "reviewed_at": "2025-11-10T04:07:47.748Z", "review_comment": "", "submit_comment": ""}}, {"model": "projects.project", "pk": 10, "fields": {"user": ["kap"], "title": "Проект 4", "description": "Закупка принтеров", "created_at": "2025-11-09T16:24:48.699Z", "is_archived": false, "total_time": "00:02:24.596351", "review_status": "none", "review_submitted_by": null, "review_submitted_at": null, "reviewed_by": null, "reviewed_at": null, "review_comment": "", "submit_comment": ""}}, {"model": "projects.project", "pk": 11, "fields": {"user": ["lep"], "title": "Проект 1", "description": "Описание проекта 1", "created_at": "2025-11-10T03:50:18.482Z", "is_archived": false, "total_time": "00:04:49.076293", "review_status": "approved", "review_submitted_by": ["lep"], "review_submitted_at": "2025-11-10T04:06:54.682Z", "reviewed_by": ["smn"], "reviewed_at": "2025-11-10T04:07:38.148Z", "review_comment": "", "submit_comment": "Проект закрыт"}}, {"model": "projects.activeproject", "pk": 2, "fields": {"user": ["kap"], "project": 10, "in_work": false, "last_started_at": "2025-11-09T16:27:09.774Z"}}, {"model": "projects.activeproject", "pk": 3, "fields": {"user": ["newvirinin"], "project": null, "in_work": false, "last_started_at": "2025-11-09T05:18:10.515Z"}}, {"model": "projects.activeproject", "pk": 4, "fields": {"user": ["ksa"], "project": 9, "in_work": true, "last_started_at": "2025-11-09T05:11:42.660Z"}}, {"model": "projects.activeproject", "pk": 5, "fields": {"user": ["lep"], "project": 11, "in_work": false, "last_started_at": "2025-11-10T04:05:13.215Z"}}, {"model": "projects.projecttimer", "pk": 1, "fields": {"user": ["newvirinin"], "project": 6, "current_task": null, "in_work": false, "last_started_at": "2025-11-06T07:41:06.953Z"}}, {"model": "projects.projecttimer", "pk": 2, "fields": {"user": ["kap"], "project": 10, "current_task": null, "in_work": false, "last_started_at": "2025-11-09T16:26:19.590Z"}}, {"model": "projects.projecttimer", "pk": 3, "fields": {"user": ["lep"], "project": 11, "current_task": null, "in_work": false, "last_started_at": "2025-11-10T04:05:17.962Z"}}, {"model": "projects.task", "pk": 1, "fields": {"project": 1, "text": "Сформировать шаблон акта выдачи техники", "is_done": true, "started_at": null, "completed_at": null, "status": "new", "created_at": "2025-11-05T04:54:12.584Z"}}, {"model": "projects.task", "pk": 2, "fields": {"project": 1, "text": "Добавить запись в 1С", "is_done": true, "started_at": null, "completed_at": null, "status": "new", "created_at": "2025-11-05T04:54:12.586Z"}}, {"model": "projects.task", "pk": 3, "fields": {"project": 1, "text": "Подписать акт у сотрудника", "is_done": true, "started_at": null, "completed_at": null, "status": "new", "created_at": "2025-11-05T04:54:12.588Z"}}, {"model": "projects.task", "pk": 4, "fields": {"project": 2, "text": "Задача 1", "is_done": true, "started_at": null, "completed_at": null, "status": "new", "created_at": "2025-11-06T04:43:53.626Z"}}, {"model": "projects.task", "pk": 5, "fields": {"project": 3, "text": "ывывпав", "is_done": true, "started_at": null, "completed_at": null, "status": "new", "created_at": "2025-11-06T04:47:31.190Z"}}, {"model": "projects.task", "pk": 6, "fields": {"project": 3, "text": "вапывап", "is_done": true, "started_at": null, "completed_at": null, "status": "new", "created_at": "2025-11-06T04:47:31.192Z"}}, {"model": "projects.task", "pk": 7, "fields": {"project": 3, "text": "ывпывапвыа", "is_done": true, "started_at": null, "completed_at": null, "status": "new", "created_at": "2025-11-06T04:47:31.193Z"}}, {"model": "projects.task", "pk": 8, "fields": {"project": 4, "text": "ывапыав", "is_done": true, "started_at": null, "completed_at": null, "status": "done", "created_at": "2025-11-06T06:05:44.429Z"}}, {"model": "projects.task", "pk": 9, "fields": {"project": 4, "text": "ывапыав", "is_done": true, "started_at": null, "completed_at": null, "status": "done", "created_at": "2025-11-06T06:05:44.430Z"}}, {"model": "projects.task", "pk": 10, "fields": {"project": 4, "text": "ывапыапв", "is_done": true, "started_at": null, "completed_at": null, "status": "done", "created_at": "2025-11-06T06:05:44.432Z"}}, {"model": "projects.task", "pk": 11, "fields": {"project": 5, "text": "вапывап", "is_done": true, "started_at": null, "completed_at": "2025-11-09T16:01:47.603Z", "status": "done", "created_at": "2025-11-06T06:06:10.763Z"}}, {"model": "projects.task", "pk": 12, "fields": {"project": 5, "text": "ыапав", "is_done": true, "started_at": null, "completed_at": "2025-11-09T16:01:55.773Z", "status": "done", "created_at": "2025-11-06T06:06:10.764Z"}}, {"model": "projects.task", "pk": 13, "fields": {"project": 5, "text": "ывапавы", "is_done": true, "started_at": null, "completed_at": "2025-11-09T16:01:57.295Z", "status": "done", "created_at": "2025-11-06T06:06:10.765Z"}}, {"model": "projects.task", "pk": 20, "fields": {"project": 6, "text": "Найти поставщиков", "is_done": true, "started_at": null, "completed_at": null, "status": "new", "created_at": "2025-11-06T07:56:57.137Z"}}, {"model": "projects.task", "pk": 21, "fields": {"project": 6, "text": "Запросить КП", "is_done": true, "started_at": null, "completed_at": null, "status": "new", "created_at": "2025-11-06T07:56:57.138Z"}}, {"model": "projects.task", "pk": 22, "fields": {"project": 6, "text": "Запросить договора на согласование", "is_done": true, "started_at": null, "completed_at": null, "status": "new", "created_at": "2025-11-06T07:56:57.140Z"}}, {"model": "projects.task", "pk": 23, "fields": {"project": 6, "text": "Согласовать договор", "is_done": false, "started_at": null, "completed_at": null, "status": "new", "created_at": "2025-11-06T07:56:57.141Z"}}, {"model": "projects.task", "pk": 24, "fields": {"project": 6, "text": "Запросить счет на оплату", "is_done": false, "started_at": null, "completed_at": null, "status": "new", "created_at": "2025-11-06T07:56:57.142Z"}}, {"model": "projects.task", "pk": 25, "fields": {"project": 8, "text": "Запросить КП", "is_done": true, "started_at": null, "completed_at": null, "status": "done", "created_at": "2025-11-07T15:12:31.837Z"}}, {"model": "projects.task", "pk": 26, "fields": {"project": 8, "text": "Согласовать поставщика", "is_done": true, "started_at": null, "completed_at": null, "status": "done", "created_at": "2025-11-07T15:12:31.838Z"}}, {"model": "projects.task", "pk": 27, "fields": {"project": 8, "text": "Запросить договор поставки", "is_done": true, "started_at": null, "completed_at": null, "status": "done", "created_at": "2025-11-07T15:12:31.839Z"}}, {"model": "projects.task", "pk": 28, "fields": {"project": 8, "text": "Отправить договор на согласование", "is_done": true, "started_at": null, "completed_at": null, "status": "done", "created_at": "2025-11-07T15:12:31.840Z"}}, {"model": "projects.task", "pk": 29, "fields": {"project": 8, "text": "Подписать договор в ДиаДоке", "is_done": true, "started_at": null, "completed_at": null, "status": "done", "created_at": "2025-11-07T15:12:31.842Z"}}, {"model": "projects.task", "pk": 30, "fields": {"project": 8, "text": "Запросить счет на оплату", "is_done": true, "started_at": null, "completed_at": null, "status": "done", "created_at": "2025-11-07T15:12:31.843Z"}}, {"model": "projects.task", "pk": 31, "fields": {"project": 9, "text": "ывпрвы", "is_done": true, "started_at": null, "completed_at": null, "status": "in_review", "created_at": "2025-11-07T15:37:49.040Z"}}, {"model": "projects.task", "pk": 32, "fields": {"project": 9, "text": "впрвапр", "is_done": true, "started_at": null, "completed_at": null, "status": "in_review", "created_at": "2025-11-07T15:37:49.043Z"}}, {"model": "projects.task", "pk": 33, "fields": {"project": 9, "text": "варпвпа", "is_done": true, "started_at": null, "completed_at": null, "status": "done", "created_at": "2025-11-07T15:37:49.045Z"}}, {"model": "projects.task", "pk": 34, "fields": {"project": 4, "text": "ыапыап", "is_done": true, "started_at": null, "completed_at": "2025-11-09T15:56:06.516Z", "status": "done", "created_at": "2025-11-09T15:55:48.518Z"}}, {"model": "projects.task", "pk": 35, "fields": {"project": 4, "text": "ывапывп", "is_done": true, "started_at": null, "completed_at": "2025-11-09T15:56:10.756Z", "status": "done", "created_at": "2025-11-09T15:55:48.520Z"}}, {"model": "projects.task", "pk": 36, "fields": {"project": 4, "text": "ывпвыпа", "is_done": true, "started_at": null, "completed_at": "2025-11-09T15:56:14.554Z", "status": "done", "created_at": "2025-11-09T15:55:48.521Z"}}, {"model": "projects.task", "pk": 37, "fields": {"project": 10, "text": "Задача 1", "is_done": true, "started_at": null, "completed_at": "2025-11-09T16:26:20.668Z", "status": "done", "created_at": "2025-11-09T16:24:48.701Z"}}, {"model": "projects.task", "pk": 38, "fields": {"project": 10, "text": "Задача 2", "is_done": true, "started_at": null, "completed_at": "2025-11-09T16:26:21.989Z", "status": "done", "created_at": "2025-11-09T16:24:48.703Z"}}, {"model": "projects.task", "pk": 39, "fields": {"project": 10, "text": "Задача 3", "is_done": true, "started_at": null, "completed_at": "2025-11-09T16:26:23.508Z", "status": "done", "created_at": "2025-11-09T16:24:48.705Z"}}, {"model": "projects.task", "pk": 40, "fields": {"project": 10, "text": "Задача 4", "is_done": true, "started_at": null, "completed_at": "2025-11-09T16:27:31.469Z", "status": "done", "created_at": "2025-11-09T16:24:48.706Z"}}, {"model": "projects.task", "pk": 41, "fields": {"project": 11, "text": "Задача 1", "is_done": true, "started_at": null, "completed_at": "2025-11-10T03:52:06.664Z", "status": "done", "created_at": "2025-11-10T03:50:18.485Z"}}, {"model": "projects.task", "pk": 42, "fields": {"project": 11, "text": "Задача 2", "is_done": true, "started_at": null, "completed_at": "2025-11-10T03:50:55.986Z", "status": "done", "created_at": "2025-11-10T03:50:18.487Z"}}, {"model": "projects.task", "pk": 45, "fields": {"project": 11, "text": "Задача 3", "is_done": true, "started_at": "2025-11-10T04:05:15.804Z", "completed_at": "2025-11-10T04:06:27.842Z", "status": "done", "created_at": "2025-11-10T04:05:09.076Z"}}, {"model": "projects.task", "pk": 46, "fields": {"project": 11, "text": "Задача 4", "is_done": true, "started_at": "2025-11-10T04:05:16.506Z", "completed_at": "2025-11-10T04:06:29.280Z", "status": "done", "created_at": "2025-11-10T04:05:09.078Z"}}, {"model": "projects.task", "pk": 47, "fields": {"project": 11, "text": "Задача 5", "is_done": true, "started_at": "2025-11-10T04:05:17.039Z", "completed_at": "2025-11-10T04:06:30.540Z", "status": "done", "created_at": "2025-11-10T04:05:09.079Z"}}, {"model": "projects.task", "pk": 48, "fields": {"project": 11, "text": "Задача 6", "is_done": true, "started_at": "2025-11-10T04:05:17.956Z", "completed_at": "2025-11-10T04:06:31.721Z", "status": "done", "created_at": "2025-11-10T04:05:09.081Z"}}, {"model": "projects.timeentry", "pk": 1, "fields": {"user": ["ksa"], "project": 9, "task": null, "started_at": "2025-11-07T15:37:59.779Z", "ended_at": "2025-11-07T15:38:01.883Z", "seconds": 2, "created_at": "2025-11-07T15:38:01.887Z"}}, {"model": "projects.timeentry", "pk": 2, "fields": {"user": ["newvirinin"], "project": 8, "task": null, "started_at": "2025-11-07T15:49:44.473Z", "ended_at": "2025-11-07T15:49:46.348Z", "seconds": 1, "created_at": "2025-11-07T15:49:46.352Z"}}, {"model": "projects.timeentry", "pk": 3, "fields": {"user": ["ksa"], "project": 9, "task": null, "started_at": "2025-11-09T05:05:43.080Z", "ended_at": "2025-11-09T05:05:56.466Z", "seconds": 13, "created_at": "2025-11-09T05:05:56.470Z"}}, {"model": "projects.timeentry", "pk": 4, "fields": {"user": ["ksa"], "project": 9, "task": null, "started_at": "2025-11-09T05:06:16.187Z", "ended_at": "2025-11-09T05:08:33.643Z", "seconds": 137, "created_at": "2025-11-09T05:08:33.647Z"}}, {"model": "projects.timeentry", "pk": 5, "fields": {"user": ["ksa"], "project": 9, "task": null, "started_at": "2025-11-09T05:08:34.768Z", "ended_at": "2025-11-09T05:09:26.145Z", "seconds": 51, "created_at": "2025-11-09T05:09:26.149Z"}}, {"model": "projects.timeentry", "pk": 6, "fields": {"user": ["kap"], "project": 4, "task": null, "started_at": "2025-11-09T05:23:07.514Z", "ended_at": "2025-11-09T05:43:28.340Z", "seconds": 1220, "created_at": "2025-11-09T05:43:28.344Z"}}, {"model": "projects.timeentry", "pk": 7, "fields": {"user": ["kap"], "project": 5, "task": null, "started_at": "2025-11-09T16:01:24.472Z", "ended_at": "2025-11-09T16:01:35.524Z", "seconds": 11, "created_at": "2025-11-09T16:01:35.528Z"}}, {"model": "projects.timeentry", "pk": 8, "fields": {"user": ["kap"], "project": 5, "task": null, "started_at": "2025-11-09T16:01:44.665Z", "ended_at": "2025-11-09T16:02:05.612Z", "seconds": 20, "created_at": "2025-11-09T16:02:05.616Z"}}, {"model": "projects.timeentry", "pk": 9, "fields": {"user": ["kap"], "project": 10, "task": 37, "started_at": "2025-11-09T16:25:08.849Z", "ended_at": "2025-11-09T16:26:17.531Z", "seconds": 68, "created_at": "2025-11-09T16:26:17.535Z"}}, {"model": "projects.timeentry", "pk": 10, "fields": {"user": ["kap"], "project": 10, "task": 38, "started_at": "2025-11-09T16:26:17.539Z", "ended_at": "2025-11-09T16:26:18.418Z", "seconds": 0, "created_at": "2025-11-09T16:26:18.420Z"}}, {"model": "projects.timeentry", "pk": 11, "fields": {"user": ["kap"], "project": 10, "task": 39, "started_at": "2025-11-09T16:26:18.424Z", "ended_at": "2025-11-09T16:26:19.584Z", "seconds": 1, "created_at": "2025-11-09T16:26:19.586Z"}}, {"model": "projects.timeentry", "pk": 12, "fields": {"user": ["kap"], "project": 10, "task": null, "started_at": "2025-11-09T16:25:04.632Z", "ended_at": "2025-11-09T16:27:04.691Z", "seconds": 120, "created_at": "2025-11-09T16:27:04.696Z"}}, {"model": "projects.timeentry", "pk": 13, "fields": {"user": ["kap"], "project": 10, "task": 40, "started_at": "2025-11-09T16:26:19.590Z", "ended_at": "2025-11-09T16:27:31.469Z", "seconds": 71, "created_at": "2025-11-09T16:27:31.469Z"}}, {"model": "projects.timeentry", "pk": 14, "fields": {"user": ["kap"], "project": 10, "task": null, "started_at": "2025-11-09T16:27:09.774Z", "ended_at": "2025-11-09T16:27:34.311Z", "seconds": 24, "created_at": "2025-11-09T16:27:34.315Z"}}, {"model": "projects.timeentry", "pk": 15, "fields": {"user": ["lep"], "project": 11, "task": 41, "started_at": "2025-11-10T03:50:33.095Z", "ended_at": "2025-11-10T03:50:49.254Z", "seconds": 16, "created_at": "2025-11-10T03:50:49.256Z"}}, {"model": "projects.timeentry", "pk": 16, "fields": {"user": ["lep"], "project": 11, "task": 42, "started_at": "2025-11-10T03:50:49.260Z", "ended_at": "2025-11-10T03:50:54.126Z", "seconds": 4, "created_at": "2025-11-10T03:50:54.128Z"}}, {"model": "projects.timeentry", "pk": 17, "fields": {"user": ["lep"], "project": 11, "task": null, "started_at": "2025-11-10T03:50:54.134Z", "ended_at": "2025-11-10T03:50:55.032Z", "seconds": 0, "created_at": "2025-11-10T03:50:55.034Z"}}, {"model": "projects.timeentry", "pk": 18, "fields": {"user": ["lep"], "project": 11, "task": null, "started_at": "2025-11-10T03:50:55.037Z", "ended_at": "2025-11-10T03:52:07.887Z", "seconds": 72, "created_at": "2025-11-10T03:52:07.888Z"}}, {"model": "projects.timeentry", "pk": 19, "fields": {"user": ["lep"], "project": 11, "task": null, "started_at": "2025-11-10T03:50:30.691Z", "ended_at": "2025-11-10T03:53:47.890Z", "seconds": 197, "created_at": "2025-11-10T03:53:47.903Z"}}, {"model": "projects.timeentry", "pk": 20, "fields": {"user": ["lep"], "project": 11, "task": 45, "started_at": "2025-11-10T04:05:15.805Z", "ended_at": "2025-11-10T04:05:16.506Z", "seconds": 0, "created_at": "2025-11-10T04:05:16.508Z"}}, {"model": "projects.timeentry", "pk": 21, "fields": {"user": ["lep"], "project": 11, "task": 46, "started_at": "2025-11-10T04:05:16.512Z", "ended_at": "2025-11-10T04:05:17.039Z", "seconds": 0, "created_at": "2025-11-10T04:05:17.041Z"}}, {"model": "projects.timeentry", "pk": 22, "fields": {"user": ["lep"], "project": 11, "task": 47, "started_at": "2025-11-10T04:05:17.045Z", "ended_at": "2025-11-10T04:05:17.956Z", "seconds": 0, "created_at": "2025-11-10T04:05:17.958Z"}}, {"model": "projects.timeentry", "pk": 23, "fields": {"user": ["lep"], "project": 11, "task": 48, "started_at": "2025-11-10T04:05:17.962Z", "ended_at": "2025-11-10T04:06:31.721Z", "seconds": 73, "created_at": "2025-11-10T04:06:31.721Z"}}, {"model": "projects.timeentry", "pk": 24, "fields": {"user": ["lep"], "project": 11, "task": null, "started_at": "2025-11-10T04:05:13.215Z", "ended_at": "2025-11-10T04:06:45.092Z", "seconds": 91, "created_at": "2025-11-10T04:06:45.096Z"}}, {"model": "projects.timeentry", "pk": 25, "fields": {"user": ["newvirinin"], "project": 8, "task": null, "started_at": "2025-11-09T05:18:10.515Z", "ended_at": "2025-11-10T04:16:17.272Z", "seconds": 82686, "created_at": "2025-11-10T04:16:17.277Z"}}, {"model": "projects.projectattachment", "pk": 1, "fields": {"project": 4, "file": "project_attachments/2025/11/09/travel-car.webp", "uploaded_by": ["kap"], "uploaded_at": "2025-11-09T15:43:19.663Z"}}, {"model": "admin.logentry", "pk": 1, "fields": {"action_time": "2025-11-05T13:22:15.138Z", "user": ["newvirinin"], "content_type": ["accounts", "profile"], "object_id": "1", "object_repr": "Profile of newvirinin", "action_flag": 2, "change_message": "[{\"changed\": {\"fields\": [\"\\u0420\\u043e\\u043b\\u044c\"]}}]"}}, {"model": "admin.logentry", "pk": 2, "fields": {"action_time": "2025-11-06T04:45:13.377Z", "user": ["newvirinin"], "content_type": ["accounts", "profile"], "object_id": "1", "object_repr": "Profile of newvirinin", "action_flag": 2, "change_message": "[{\"changed\": {\"fields\": [\"\\u0418\\u043c\\u044f\", \"\\u0424\\u0430\\u043c\\u0438\\u043b\\u0438\\u044f\"]}}]"}}, {"model": "admin.logentry", "pk": 3, "fields": {"action_time": "2025-11-06T04:46:10.650Z", "user": ["newvirinin"], "content_type": ["auth", "user"], "object_id": "2", "object_repr": "newviri", "action_flag": 1, "change_message": "[{\"added\": {}}]"}}, {"model": "admin.logentry", "pk": 4, "fields": {"action_time": "2025-11-06T04:46:46.022Z", "user": ["newvirinin"], "content_type": ["auth", "user"], "object_id": "2", "object_repr": "newviri", "action_flag": 2, "change_message": "[{\"changed\": {\"fields\": [\"First name\", \"Last name\"]}}]"}}, {"model": "admin.logentry", "pk": 5, "fields": {"action_time": "2025-11-06T04:57:26.263Z", "user": ["newvirinin"], "content_type": ["accounts", "department"], "object_id": "1", "object_repr": "Отдел информационно-технического обеспечения", "action_flag": 1, "change_message": "[{\"added\": {}}]"}}, {"model": "admin.logentry", "pk": 6, "fields": {"action_time": "2025-11-06T04:58:08.248Z", "user": ["newvirinin"], "content_type": ["auth", "user"], "object_id": "1", "object_repr": "newvirinin", "action_flag": 2, "change_message": "[{\"changed\": {\"name\": \"\\u041f\\u0440\\u043e\\u0444\\u0438\\u043b\\u044c\", \"object\": \"Profile of newvirinin\", \"fields\": [\"\\u041e\\u0442\\u0434\\u0435\\u043b\", \"\\u041d\\u0430\\u0447\\u0430\\u043b\\u044c\\u043d\\u0438\\u043a\"]}}]"}}, {"model": "admin.logentry", "pk": 7, "fields": {"action_time": "2025-11-06T06:13:02.936Z", "user": ["newvirinin"], "content_type": ["auth", "user"], "object_id": "2", "object_repr": "newviri", "action_flag": 2, "change_message": "[{\"changed\": {\"name\": \"\\u041f\\u0440\\u043e\\u0444\\u0438\\u043b\\u044c\", \"object\": \"Profile of newviri\", \"fields\": [\"\\u041e\\u0442\\u0447\\u0435\\u0441\\u0442\\u0432\\u043e\"]}}]"}}, {"model": "admin.logentry", "pk": 8, "fields": {"action_time": "2025-11-06T06:13:10.806Z", "user": ["newvirinin"], "content_type": ["auth", "user"], "object_id": "1", "object_repr": "newvirinin", "action_flag": 2, "change_message": "[{\"changed\": {\"name\": \"\\u041f\\u0440\\u043e\\u0444\\u0438\\u043b\\u044c\", \"object\": \"Profile of newvirinin\", \"fields\": [\"\\u041e\\u0442\\u0447\\u0435\\u0441\\u0442\\u0432\\u043e\"]}}]"}}, {"model": "admin.logentry", "pk": 9, "fields": {"action_time": "2025-11-06T06:13:15.783Z", "user": ["newvirinin"], "content_type": ["auth", "user"], "object_id": "1", "object_repr": "newvirinin", "action_flag": 2, "change_message": "[]"}}, {"model": "admin.logentry", "pk": 10, "fields": {"action_time": "2025-11-06T06:13:20.923Z", "user": ["newvirinin"], "content_type": ["auth", "user"], "object_id": "2", "object_repr": "newviri", "action_flag": 2, "change_message": "[{\"changed\": {\"name\": \"\\u041f\\u0440\\u043e\\u0444\\u0438\\u043b\\u044c\", \"object\": \"Profile of newviri\", \"fields\": [\"\\u041e\\u0442\\u0447\\u0435\\u0441\\u0442\\u0432\\u043e\"]}}]"}}, {"model": "admin.logentry", "pk": 11, "fields": {"action_time": "2025-11-06T06:51:33.271Z", "user": ["newvirinin"], "content_type": ["auth", "user"], "object_id": "1", "object_repr": "newvirinin", "action_flag": 2, "change_message": "[{\"changed\": {\"fields\": [\"\\u041e\\u0442\\u0447\\u0435\\u0441\\u0442\\u0432\\u043e\"]}}]"}}, {"model": "admin.logentry", "pk": 12, "fields": {"action_time": "2025-11-06T07:30:49.356Z", "user": ["newvirinin"], "content_type": ["auth", "user"], "object_id": "1", "object_repr": "newvirinin", "action_flag": 2, "change_message": "[{\"changed\": {\"name\": \"\\u041f\\u0440\\u043e\\u0444\\u0438\\u043b\\u044c\", \"object\": \"Profile of newvirinin\", \"fields\": [\"\\u041e\\u0442\\u0434\\u0435\\u043b\"]}}]"}}, {"model": "admin.logentry", "pk": 13, "fields": {"action_time": "2025-11-06T07:34:59.890Z", "user": ["newvirinin"], "content_type": ["auth", "user"], "object_id": "1", "object_repr": "newvirinin", "action_flag": 2, "change_message": "[{\"changed\": {\"name\": \"\\u041f\\u0440\\u043e\\u0444\\u0438\\u043b\\u044c\", \"object\": \"Profile of newvirinin\", \"fields\": [\"\\u0420\\u043e\\u043b\\u044c\"]}}]"}}, {"model": "admin.logentry", "pk": 14, "fields": {"action_time": "2025-11-06T07:58:37.175Z", "user": ["newvirinin"], "content_type": ["accounts", "profile"], "object_id": "1", "object_repr": "Profile of newvirinin", "action_flag": 2, "change_message": "[{\"changed\": {\"fields\": [\"\\u0420\\u043e\\u043b\\u044c\"]}}]"}}, {"model": "admin.logentry", "pk": 15, "fields": {"action_time": "2025-11-06T08:16:52.438Z", "user": ["newvirinin"], "content_type": ["contacts", "question"], "object_id": "2", "object_repr": "Question object (2)", "action_flag": 2, "change_message": "[{\"changed\": {\"fields\": [\"\\u0417\\u0430\\u043a\\u0440\\u044b\\u0442\"]}}]"}}, {"model": "admin.logentry", "pk": 16, "fields": {"action_time": "2025-11-06T08:28:23.287Z", "user": ["newvirinin"], "content_type": ["accounts", "userproxy"], "object_id": "1", "object_repr": "newvirinin", "action_flag": 2, "change_message": "[{\"changed\": {\"name\": \"\\u041f\\u0440\\u043e\\u0444\\u0438\\u043b\\u044c\", \"object\": \"Profile of newvirinin\", \"fields\": [\"\\u041d\\u0430\\u0447\\u0430\\u043b\\u044c\\u043d\\u0438\\u043a\"]}}]"}}, {"model": "admin.logentry", "pk": 17, "fields": {"action_time": "2025-11-06T08:32:08.851Z", "user": ["newvirinin"], "content_type": ["accounts", "userproxy"], "object_id": "1", "object_repr": "newvirinin", "action_flag": 2, "change_message": "[{\"changed\": {\"name\": \"\\u041f\\u0440\\u043e\\u0444\\u0438\\u043b\\u044c\", \"object\": \"Profile of newvirinin\", \"fields\": [\"\\u041d\\u0430\\u0447\\u0430\\u043b\\u044c\\u043d\\u0438\\u043a\"]}}]"}}, {"model": "admin.logentry", "pk": 18, "fields": {"action_time": "2025-11-06T09:05:39.777Z", "user": ["newvirinin"], "content_type": ["accounts", "userproxy"], "object_id": "4", "object_repr": "lep", "action_flag": 1, "change_message": "[{\"added\": {}}]"}}, {"model": "admin.logentry", "pk": 19, "fields": {"action_time": "2025-11-06T09:11:19.782Z", "user": ["newvirinin"], "content_type": ["accounts", "userproxy"], "object_id": "5", "object_repr": "smn", "action_flag": 1, "change_message": "[{\"added\": {}}]"}}, {"model": "admin.logentry", "pk": 20, "fields": {"action_time": "2025-11-06T09:11:55.522Z", "user": ["newvirinin"], "content_type": ["accounts", "userproxy"], "object_id": "5", "object_repr": "smn", "action_flag": 2, "change_message": "[{\"changed\": {\"fields\": [\"\\u041e\\u0442\\u0447\\u0435\\u0441\\u0442\\u0432\\u043e\"]}}, {\"changed\": {\"name\": \"\\u041f\\u0440\\u043e\\u0444\\u0438\\u043b\\u044c\", \"object\": \"Profile of smn\", \"fields\": [\"\\u041e\\u0442\\u0434\\u0435\\u043b\", \"\\u0414\\u043e\\u043b\\u0436\\u043d\\u043e\\u0441\\u0442\\u044c\", \"\\u0412\\u043d\\u0443\\u0442\\u0440\\u0435\\u043d\\u043d\\u0438\\u0439 \\u043d\\u043e\\u043c\\u0435\\u0440\", \"\\u0420\\u043e\\u043b\\u044c\"]}}]"}}, {"model": "admin.logentry", "pk": 21, "fields": {"action_time": "2025-11-06T09:12:18.978Z", "user": ["newvirinin"], "content_type": ["accounts", "userproxy"], "object_id": "6", "object_repr": "ppa", "action_flag": 1, "change_message": "[{\"added\": {}}]"}}, {"model": "admin.logentry", "pk": 22, "fields": {"action_time": "2025-11-06T09:12:55.805Z", "user": ["newvirinin"], "content_type": ["accounts", "userproxy"], "object_id": "6", "object_repr": "ppa", "action_flag": 2, "change_message": "[{\"changed\": {\"fields\": [\"\\u041e\\u0442\\u0447\\u0435\\u0441\\u0442\\u0432\\u043e\"]}}, {\"changed\": {\"name\": \"\\u041f\\u0440\\u043e\\u0444\\u0438\\u043b\\u044c\", \"object\": \"Profile of ppa\", \"fields\": [\"\\u0414\\u043e\\u043b\\u0436\\u043d\\u043e\\u0441\\u0442\\u044c\", \"\\u0412\\u043d\\u0443\\u0442\\u0440\\u0435\\u043d\\u043d\\u0438\\u0439 \\u043d\\u043e\\u043c\\u0435\\u0440\", \"\\u0420\\u043e\\u043b\\u044c\"]}}]"}}, {"model": "admin.logentry", "pk": 23, "fields": {"action_time": "2025-11-06T09:13:27.365Z", "user": ["newvirinin"], "content_type": ["accounts", "userproxy"], "object_id": "7", "object_repr": "shan", "action_flag": 1, "change_message": "[{\"added\": {}}]"}}, {"model": "admin.logentry", "pk": 24, "fields": {"action_time": "2025-11-06T09:13:49.605Z", "user": ["newvirinin"], "content_type": ["accounts", "department"], "object_id": "2", "object_repr": "Генеральный директор", "action_flag": 1, "change_message": "[{\"added\": {}}]"}}, {"model": "admin.logentry", "pk": 25, "fields": {"action_time": "2025-11-06T09:14:08.543Z", "user": ["newvirinin"], "content_type": ["accounts", "userproxy"], "object_id": "7", "object_repr": "shan", "action_flag": 2, "change_message": "[{\"changed\": {\"fields\": [\"\\u041e\\u0442\\u0447\\u0435\\u0441\\u0442\\u0432\\u043e\"]}}, {\"changed\": {\"name\": \"\\u041f\\u0440\\u043e\\u0444\\u0438\\u043b\\u044c\", \"object\": \"Profile of shan\", \"fields\": [\"\\u041e\\u0442\\u0434\\u0435\\u043b\", \"\\u0414\\u043e\\u043b\\u0436\\u043d\\u043e\\u0441\\u0442\\u044c\", \"\\u0412\\u043d\\u0443\\u0442\\u0440\\u0435\\u043d\\u043d\\u0438\\u0439 \\u043d\\u043e\\u043c\\u0435\\u0440\", \"\\u0420\\u043e\\u043b\\u044c\"]}}]"}}, {"model": "admin.logentry", "pk": 26, "fields": {"action_time": "2025-11-06T09:14:31.912Z", "user": ["newvirinin"], "content_type": ["accounts", "userproxy"], "object_id": "2", "object_repr": "kap", "action_flag": 2, "change_message": "[{\"changed\": {\"fields\": [\"Email address\"]}}, {\"changed\": {\"name\": \"\\u041f\\u0440\\u043e\\u0444\\u0438\\u043b\\u044c\", \"object\": \"Profile of kap\", \"fields\": [\"\\u041e\\u0442\\u0434\\u0435\\u043b\", \"\\u0412\\u043d\\u0443\\u0442\\u0440\\u0435\\u043d\\u043d\\u0438\\u0439 \\u043d\\u043e\\u043c\\u0435\\u0440\", \"\\u041d\\u0430\\u0447\\u0430\\u043b\\u044c\\u043d\\u0438\\u043a\"]}}]"}}, {"model": "admin.logentry", "pk": 27, "fields": {"action_time": "2025-11-06T09:14:59.504Z", "user": ["newvirinin"], "content_type": ["accounts", "userproxy"], "object_id": "5", "object_repr": "smn", "action_flag": 2, "change_message": "[{\"changed\": {\"fields\": [\"\\u041e\\u0442\\u0447\\u0435\\u0441\\u0442\\u0432\\u043e\"]}}, {\"changed\": {\"name\": \"\\u041f\\u0440\\u043e\\u0444\\u0438\\u043b\\u044c\", \"object\": \"Profile of smn\", \"fields\": [\"\\u041d\\u0430\\u0447\\u0430\\u043b\\u044c\\u043d\\u0438\\u043a\"]}}]"}}, {"model": "admin.logentry", "pk": 28, "fields": {"action_time": "2025-11-06T09:15:10.044Z", "user": ["newvirinin"], "content_type": ["accounts", "userproxy"], "object_id": "6", "object_repr": "ppa", "action_flag": 2, "change_message": "[{\"changed\": {\"fields\": [\"\\u041e\\u0442\\u0447\\u0435\\u0441\\u0442\\u0432\\u043e\"]}}]"}}, {"model": "admin.logentry", "pk": 29, "fields": {"action_time": "2025-11-06T09:17:54.516Z", "user": ["newvirinin"], "content_type": ["accounts", "userproxy"], "object_id": "4", "object_repr": "lep", "action_flag": 2, "change_message": "[{\"changed\": {\"fields\": [\"\\u041e\\u0442\\u0447\\u0435\\u0441\\u0442\\u0432\\u043e\"]}}]"}}, {"model": "admin.logentry", "pk": 30, "fields": {"action_time": "2025-11-06T09:19:24.295Z", "user": ["newvirinin"], "content_type": ["accounts", "userproxy"], "object_id": "4", "object_repr": "lep", "action_flag": 2, "change_message": "[{\"changed\": {\"fields\": [\"\\u041e\\u0442\\u0447\\u0435\\u0441\\u0442\\u0432\\u043e\"]}}]"}}, {"model": "admin.logentry", "pk": 31, "fields": {"action_time": "2025-11-06T09:20:10.451Z", "user": ["newvirinin"], "content_type": ["accounts", "userproxy"], "object_id": "7", "object_repr": "shan", "action_flag": 2, "change_message": "[{\"changed\": {\"fields\": [\"\\u041e\\u0442\\u0447\\u0435\\u0441\\u0442\\u0432\\u043e\"]}}]"}}, {"model": "admin.logentry", "pk": 32, "fields": {"action_time": "2025-11-06T09:20:54.836Z", "user": ["newvirinin"], "content_type": ["accounts", "userproxy"], "object_id": "4", "object_repr": "lep", "action_flag": 2, "change_message": "[{\"changed\": {\"fields\": [\"\\u041e\\u0442\\u0447\\u0435\\u0441\\u0442\\u0432\\u043e\"]}}]"}}, {"model": "admin.logentry", "pk": 33, "fields": {"action_time": "2025-11-06T09:21:01.880Z", "user": ["newvirinin"], "content_type": ["accounts", "userproxy"], "object_id": "4", "object_repr": "lep", "action_flag": 2, "change_message": "[{\"changed\": {\"fields\": [\"\\u041e\\u0442\\u0447\\u0435\\u0441\\u0442\\u0432\\u043e\"]}}]"}}, {"model": "admin.logentry", "pk": 34, "fields": {"action_time": "2025-11-06T09:21:08.868Z", "user": ["newvirinin"], "content_type": ["accounts", "userproxy"], "object_id": "6", "object_repr": "ppa", "action_flag": 2, "change_message": "[{\"changed\": {\"fields\": [\"\\u041e\\u0442\\u0447\\u0435\\u0441\\u0442\\u0432\\u043e\"]}}]"}}, {"model": "admin.logentry", "pk": 35, "fields": {"action_time": "2025-11-06T09:21:20.551Z", "user": ["newvirinin"], "content_type": ["accounts", "userproxy"], "object_id": "7", "object_repr": "shan", "action_flag": 2, "change_message": "[{\"changed\": {\"fields\": [\"\\u041e\\u0442\\u0447\\u0435\\u0441\\u0442\\u0432\\u043e\"]}}]"}}, {"model": "admin.logentry", "pk": 36, "fields": {"action_time": "2025-11-06T09:21:31.670Z", "user": ["newvirinin"], "content_type": ["accounts", "userproxy"], "object_id": "5", "object_repr": "smn", "action_flag": 2, "change_message": "[{\"changed\": {\"fields\": [\"\\u041e\\u0442\\u0447\\u0435\\u0441\\u0442\\u0432\\u043e\"]}}]"}}, {"model": "admin.logentry", "pk": 37, "fields": {"action_time": "2025-11-06T09:21:56.725Z", "user": ["newvirinin"], "content_type": ["accounts", "userproxy"], "object_id": "4", "object_repr": "lep", "action_flag": 2, "change_message": "[{\"changed\": {\"name\": \"\\u041f\\u0440\\u043e\\u0444\\u0438\\u043b\\u044c\", \"object\": \"Profile of lep\", \"fields\": [\"\\u041e\\u0442\\u0434\\u0435\\u043b\", \"\\u0414\\u043e\\u043b\\u0436\\u043d\\u043e\\u0441\\u0442\\u044c\", \"\\u0412\\u043d\\u0443\\u0442\\u0440\\u0435\\u043d\\u043d\\u0438\\u0439 \\u043d\\u043e\\u043c\\u0435\\u0440\", \"\\u041d\\u0430\\u0447\\u0430\\u043b\\u044c\\u043d\\u0438\\u043a\"]}}]"}}, {"model": "admin.logentry", "pk": 38, "fields": {"action_time": "2025-11-06T09:22:49.363Z", "user": ["newvirinin"], "content_type": ["accounts", "userproxy"], "object_id": "3", "object_repr": "zsv", "action_flag": 3, "change_message": ""}}, {"model": "admin.logentry", "pk": 39, "fields": {"action_time": "2025-11-06T09:24:03.127Z", "user": ["newvirinin"], "content_type": ["accounts", "userproxy"], "object_id": "1", "object_repr": "newvirinin", "action_flag": 2, "change_message": "[{\"changed\": {\"name\": \"\\u041f\\u0440\\u043e\\u0444\\u0438\\u043b\\u044c\", \"object\": \"Profile of newvirinin\", \"fields\": [\"\\u041e\\u0442\\u0434\\u0435\\u043b\"]}}]"}}, {"model": "admin.logentry", "pk": 40, "fields": {"action_time": "2025-11-06T09:25:40.806Z", "user": ["newvirinin"], "content_type": ["accounts", "userproxy"], "object_id": "8", "object_repr": "saa", "action_flag": 1, "change_message": "[{\"added\": {}}]"}}, {"model": "admin.logentry", "pk": 41, "fields": {"action_time": "2025-11-06T09:26:02.412Z", "user": ["newvirinin"], "content_type": ["accounts", "userproxy"], "object_id": "8", "object_repr": "saa", "action_flag": 2, "change_message": "[{\"changed\": {\"name\": \"\\u041f\\u0440\\u043e\\u0444\\u0438\\u043b\\u044c\", \"object\": \"Profile of saa\", \"fields\": [\"\\u041e\\u0442\\u0434\\u0435\\u043b\", \"\\u0414\\u043e\\u043b\\u0436\\u043d\\u043e\\u0441\\u0442\\u044c\", \"\\u0412\\u043d\\u0443\\u0442\\u0440\\u0435\\u043d\\u043d\\u0438\\u0439 \\u043d\\u043e\\u043c\\u0435\\u0440\", \"\\u041d\\u0430\\u0447\\u0430\\u043b\\u044c\\u043d\\u0438\\u043a\"]}}]"}}, {"model": "admin.logentry", "pk": 42, "fields": {"action_time": "2025-11-06T09:31:41.916Z", "user": ["newvirinin"], "content_type": ["accounts", "userproxy"], "object_id": "2", "object_repr": "kap", "action_flag": 2, "change_message": "[{\"changed\": {\"fields\": [\"password\"]}}]"}}, {"model": "admin.logentry", "pk": 43, "fields": {"action_time": "2025-11-06T09:33:55.318Z", "user": ["newvirinin"], "content_type": ["projects", "project"], "object_id": "4", "object_repr": "Проект 2", "action_flag": 2, "change_message": "[{\"changed\": {\"fields\": [\"\\u041e\\u0431\\u0449\\u0435\\u0435 \\u0432\\u0440\\u0435\\u043c\\u044f\"]}}]"}}, {"model": "admin.logentry", "pk": 44, "fields": {"action_time": "2025-11-06T10:11:41.236Z", "user": ["newvirinin"], "content_type": ["accounts", "department"], "object_id": "3", "object_repr": "Подразделения информационных технологий", "action_flag": 1, "change_message": "[{\"added\": {}}]"}}, {"model": "admin.logentry", "pk": 45, "fields": {"action_time": "2025-11-06T10:11:47.979Z", "user": ["newvirinin"], "content_type": ["accounts", "userproxy"], "object_id": "6", "object_repr": "ppa", "action_flag": 2, "change_message": "[{\"changed\": {\"name\": \"\\u041f\\u0440\\u043e\\u0444\\u0438\\u043b\\u044c\", \"object\": \"Profile of ppa\", \"fields\": [\"\\u041e\\u0442\\u0434\\u0435\\u043b\"]}}]"}}, {"model": "admin.logentry", "pk": 46, "fields": {"action_time": "2025-11-06T10:13:09.613Z", "user": ["newvirinin"], "content_type": ["accounts", "userproxy"], "object_id": "9", "object_repr": "pvs", "action_flag": 1, "change_message": "[{\"added\": {}}]"}}, {"model": "admin.logentry", "pk": 47, "fields": {"action_time": "2025-11-06T10:13:34.449Z", "user": ["newvirinin"], "content_type": ["accounts", "userproxy"], "object_id": "9", "object_repr": "pvs", "action_flag": 2, "change_message": "[{\"changed\": {\"name\": \"\\u041f\\u0440\\u043e\\u0444\\u0438\\u043b\\u044c\", \"object\": \"Profile of pvs\", \"fields\": [\"\\u041e\\u0442\\u0434\\u0435\\u043b\", \"\\u0414\\u043e\\u043b\\u0436\\u043d\\u043e\\u0441\\u0442\\u044c\", \"\\u0412\\u043d\\u0443\\u0442\\u0440\\u0435\\u043d\\u043d\\u0438\\u0439 \\u043d\\u043e\\u043c\\u0435\\u0440\", \"\\u041d\\u0430\\u0447\\u0430\\u043b\\u044c\\u043d\\u0438\\u043a\"]}}]"}}, {"model": "admin.logentry", "pk": 48, "fields": {"action_time": "2025-11-06T10:13:47.759Z", "user": ["newvirinin"], "content_type": ["accounts", "userproxy"], "object_id": "2", "object_repr": "kap", "action_flag": 2, "change_message": "[{\"changed\": {\"name\": \"\\u041f\\u0440\\u043e\\u0444\\u0438\\u043b\\u044c\", \"object\": \"Profile of kap\", \"fields\": [\"\\u041d\\u0430\\u0447\\u0430\\u043b\\u044c\\u043d\\u0438\\u043a\"]}}]"}}, {"model": "admin.logentry", "pk": 49, "fields": {"action_time": "2025-11-06T10:13:51.614Z", "user": ["newvirinin"], "content_type": ["accounts", "userproxy"], "object_id": "4", "object_repr": "lep", "action_flag": 2, "change_message": "[]"}}, {"model": "admin.logentry", "pk": 50, "fields": {"action_time": "2025-11-06T10:13:58.312Z", "user": ["newvirinin"], "content_type": ["accounts", "userproxy"], "object_id": "1", "object_repr": "newvirinin", "action_flag": 2, "change_message": "[{\"changed\": {\"name\": \"\\u041f\\u0440\\u043e\\u0444\\u0438\\u043b\\u044c\", \"object\": \"Profile of newvirinin\", \"fields\": [\"\\u041d\\u0430\\u0447\\u0430\\u043b\\u044c\\u043d\\u0438\\u043a\"]}}]"}}, {"model": "admin.logentry", "pk": 51, "fields": {"action_time": "2025-11-06T10:14:06.153Z", "user": ["newvirinin"], "content_type": ["accounts", "userproxy"], "object_id": "6", "object_repr": "ppa", "action_flag": 2, "change_message": "[{\"changed\": {\"name\": \"\\u041f\\u0440\\u043e\\u0444\\u0438\\u043b\\u044c\", \"object\": \"Profile of ppa\", \"fields\": [\"\\u041d\\u0430\\u0447\\u0430\\u043b\\u044c\\u043d\\u0438\\u043a\"]}}]"}}, {"model": "admin.logentry", "pk": 52, "fields": {"action_time": "2025-11-06T10:14:10.798Z", "user": ["newvirinin"], "content_type": ["accounts", "userproxy"], "object_id": "9", "object_repr": "pvs", "action_flag": 2, "change_message": "[]"}}, {"model": "admin.logentry", "pk": 53, "fields": {"action_time": "2025-11-06T10:14:14.983Z", "user": ["newvirinin"], "content_type": ["accounts", "userproxy"], "object_id": "8", "object_repr": "saa", "action_flag": 2, "change_message": "[]"}}, {"model": "admin.logentry", "pk": 54, "fields": {"action_time": "2025-11-06T10:15:01.509Z", "user": ["newvirinin"], "content_type": ["accounts", "userproxy"], "object_id": "10", "object_repr": "zsv", "action_flag": 1, "change_message": "[{\"added\": {}}]"}}, {"model": "admin.logentry", "pk": 55, "fields": {"action_time": "2025-11-06T10:15:27.591Z", "user": ["newvirinin"], "content_type": ["accounts", "userproxy"], "object_id": "10", "object_repr": "zsv", "action_flag": 2, "change_message": "[{\"changed\": {\"name\": \"\\u041f\\u0440\\u043e\\u0444\\u0438\\u043b\\u044c\", \"object\": \"Profile of zsv\", \"fields\": [\"\\u041e\\u0442\\u0434\\u0435\\u043b\", \"\\u0414\\u043e\\u043b\\u0436\\u043d\\u043e\\u0441\\u0442\\u044c\", \"\\u0412\\u043d\\u0443\\u0442\\u0440\\u0435\\u043d\\u043d\\u0438\\u0439 \\u043d\\u043e\\u043c\\u0435\\u0440\", \"\\u041d\\u0430\\u0447\\u0430\\u043b\\u044c\\u043d\\u0438\\u043a\"]}}]"}}, {"model": "admin.logentry", "pk": 56, "fields": {"action_time": "2025-11-06T10:25:51.111Z", "user": ["newvirinin"], "content_type": ["accounts", "userproxy"], "object_id": "7", "object_repr": "shan", "action_flag": 2, "change_message": "[]"}}, {"model": "admin.logentry", "pk": 57, "fields": {"action_time": "2025-11-06T10:45:07.730Z", "user": ["newvirinin"], "content_type": ["accounts", "userproxy"], "object_id": "9", "object_repr": "pvs", "action_flag": 2, "change_message": "[{\"changed\": {\"name\": \"\\u041f\\u0440\\u043e\\u0444\\u0438\\u043b\\u044c\", \"object\": \"Profile of pvs\", \"fields\": [\"\\u0420\\u043e\\u043b\\u044c\"]}}]"}}, {"model": "admin.logentry", "pk": 58, "fields": {"action_time": "2025-11-06T14:41:21.218Z", "user": ["newvirinin"], "content_type": ["contacts", "question"], "object_id": "2", "object_repr": "Question object (2)", "action_flag": 3, "change_message": ""}}, {"model": "admin.logentry", "pk": 59, "fields": {"action_time": "2025-11-06T14:41:26.814Z", "user": ["newvirinin"], "content_type": ["contacts", "question"], "object_id": "1", "object_repr": "Question object (1)", "action_flag": 3, "change_message": ""}}, {"model": "admin.logentry", "pk": 60, "fields": {"action_time": "2025-11-06T14:44:50.883Z", "user": ["newvirinin"], "content_type": ["accounts", "userproxy"], "object_id": "1", "object_repr": "newvirinin", "action_flag": 2, "change_message": "[]"}}, {"model": "admin.logentry", "pk": 61, "fields": {"action_time": "2025-11-06T14:49:58.989Z", "user": ["newvirinin"], "content_type": ["contacts", "question"], "object_id": "3", "object_repr": "Question object (3)", "action_flag": 1, "change_message": "[{\"added\": {}}]"}}, {"model": "admin.logentry", "pk": 62, "fields": {"action_time": "2025-11-06T14:55:37.635Z", "user": ["newvirinin"], "content_type": ["contacts", "question"], "object_id": "4", "object_repr": "Question object (4)", "action_flag": 2, "change_message": "[{\"changed\": {\"fields\": [\"\\u041f\\u043e\\u043b\\u044c\\u0437\\u043e\\u0432\\u0430\\u0442\\u0435\\u043b\\u044c\"]}}]"}}, {"model": "admin.logentry", "pk": 63, "fields": {"action_time": "2025-11-06T14:55:52.266Z", "user": ["newvirinin"], "content_type": ["contacts", "question"], "object_id": "4", "object_repr": "Question object (4)", "action_flag": 2, "change_message": "[{\"changed\": {\"fields\": [\"\\u0417\\u0430\\u043a\\u0440\\u044b\\u0442\"]}}]"}}, {"model": "admin.logentry", "pk": 64, "fields": {"action_time": "2025-11-06T15:13:07.632Z", "user": ["newvirinin"], "content_type": ["contacts", "question"], "object_id": "5", "object_repr": "Question object (5)", "action_flag": 2, "change_message": "[{\"changed\": {\"fields\": [\"\\u041f\\u043e\\u043b\\u044c\\u0437\\u043e\\u0432\\u0430\\u0442\\u0435\\u043b\\u044c\"]}}]"}}, {"model": "admin.logentry", "pk": 65, "fields": {"action_time": "2025-11-06T15:13:24.556Z", "user": ["newvirinin"], "content_type": ["contacts", "question"], "object_id": "5", "object_repr": "Question object (5)", "action_flag": 2, "change_message": "[{\"changed\": {\"fields\": [\"\\u0417\\u0430\\u043a\\u0440\\u044b\\u0442\"]}}]"}}, {"model": "admin.logentry", "pk": 66, "fields": {"action_time": "2025-11-06T15:23:19.060Z", "user": ["newvirinin"], "content_type": ["accounts", "userproxy"], "object_id": "11", "object_repr": "ksa", "action_flag": 2, "change_message": "[{\"changed\": {\"name\": \"\\u041f\\u0440\\u043e\\u0444\\u0438\\u043b\\u044c\", \"object\": \"Profile of ksa\", \"fields\": [\"\\u041e\\u0442\\u0434\\u0435\\u043b\", \"\\u041d\\u0430\\u0447\\u0430\\u043b\\u044c\\u043d\\u0438\\u043a\"]}}]"}}, {"model": "admin.logentry", "pk": 67, "fields": {"action_time": "2025-11-06T15:30:05.026Z", "user": ["newvirinin"], "content_type": ["accounts", "userproxy"], "object_id": "1", "object_repr": "newvirinin", "action_flag": 2, "change_message": "[{\"changed\": {\"name\": \"\\u041f\\u0440\\u043e\\u0444\\u0438\\u043b\\u044c\", \"object\": \"Profile of newvirinin\", \"fields\": [\"\\u041e\\u0442\\u0434\\u0435\\u043b\"]}}]"}}, {"model": "admin.logentry", "pk": 68, "fields": {"action_time": "2025-11-09T05:39:43.392Z", "user": ["newvirinin"], "content_type": ["accounts", "userproxy"], "object_id": "4", "object_repr": "lep", "action_flag": 2, "change_message": "[{\"changed\": {\"name\": \"\\u041f\\u0440\\u043e\\u0444\\u0438\\u043b\\u044c\", \"object\": \"Profile of lep\", \"fields\": [\"\\u0420\\u043e\\u043b\\u044c\"]}}]"}}, {"model": "admin.logentry", "pk": 69, "fields": {"action_time": "2025-11-10T04:09:17.641Z", "user": ["newvirinin"], "content_type": ["accounts", "userproxy"], "object_id": "1", "object_repr": "newvirinin", "action_flag": 2, "change_message": "[{\"changed\": {\"name\": \"\\u041f\\u0440\\u043e\\u0444\\u0438\\u043b\\u044c\", \"object\": \"Profile of newvirinin\", \"fields\": [\"\\u041e\\u0442\\u0434\\u0435\\u043b\"]}}]"}}, {"model": "admin.logentry", "pk": 70, "fields": {"action_time": "2025-11-10T04:09:33.087Z", "user": ["newvirinin"], "content_type": ["accounts", "userproxy"], "object_id": "5", "object_repr": "smn", "action_flag": 2, "change_message": "[{\"changed\": {\"name\": \"\\u041f\\u0440\\u043e\\u0444\\u0438\\u043b\\u044c\", \"object\": \"Profile of smn\", \"fields\": [\"\\u041e\\u0442\\u0434\\u0435\\u043b\"]}}]"}}, {"model": "admin.logentry", "pk": 71, "fields": {"action_time": "2025-11-10T04:17:29.675Z", "user": ["newvirinin"], "content_type": ["accounts", "department"], "object_id": "4", "object_repr": "Финансовый директор", "action_flag": 1, "change_message": "[{\"added\": {}}]"}}, {"model": "admin.logentry", "pk": 72, "fields": {"action_time": "2025-11-10T04:17:59.395Z", "user": ["newvirinin"], "content_type": ["accounts", "userproxy"], "object_id": "12", "object_repr": "shia", "action_flag": 2, "change_message": "[{\"changed\": {\"fields\": [\"Last name\", \"First name\", \"\\u041e\\u0442\\u0447\\u0435\\u0441\\u0442\\u0432\\u043e\"]}}, {\"changed\": {\"name\": \"\\u041f\\u0440\\u043e\\u0444\\u0438\\u043b\\u044c\", \"object\": \"Profile of shia\", \"fields\": [\"\\u041e\\u0442\\u0434\\u0435\\u043b\", \"\\u0414\\u043e\\u043b\\u0436\\u043d\\u043e\\u0441\\u0442\\u044c\", \"\\u0412\\u043d\\u0443\\u0442\\u0440\\u0435\\u043d\\u043d\\u0438\\u0439 \\u043d\\u043e\\u043c\\u0435\\u0440\", \"\\u0420\\u043e\\u043b\\u044c\", \"\\u041d\\u0430\\u0447\\u0430\\u043b\\u044c\\u043d\\u0438\\u043a\"]}}]"}}, {"model": "admin.logentry", "pk": 73, "fields": {"action_time": "2025-11-10T04:18:10.845Z", "user": ["newvirinin"], "content_type": ["accounts", "userproxy"], "object_id": "12", "object_repr": "shia", "action_flag": 2, "change_message": "[{\"changed\": {\"fields\": [\"\\u041e\\u0442\\u0447\\u0435\\u0441\\u0442\\u0432\\u043e\"]}}]"}}, {"model": "accounts.profile", "pk": 1, "fields": {"user": ["newvirinin"], "surname": "Игоревич", "position": "Ведущий специалист по IT-проектам", "phone_internal": "343", "photo": "", "role": "manager", "department": 1, "manager": 4}}, {"model": "accounts.profile", "pk": 2, "fields": {"user": ["kap"], "surname": "Петрович", "position": "Инженер-программист", "phone_internal": "998", "photo": "", "role": "employee", "department": 1, "manager": 3}}, {"model": "accounts.profile", "pk": 3, "fields": {"user": ["lep"], "surname": "Павловна", "position": "Начальник сектора", "phone_internal": "434", "photo": "", "role": "sector_manager", "department": 1, "manager": 4}}, {"model": "accounts.profile", "pk": 4, "fields": {"user": ["smn"], "surname": "Максимович", "position": "Начальник отдела", "phone_internal": "443", "photo": "", "role": "manager", "department": 1, "manager": 5}}, {"model": "accounts.profile", "pk": 5, "fields": {"user": ["ppa"], "surname": "Андреевич", "position": "Заместитель генерального директора по ИТ", "phone_internal": "112", "photo": "", "role": "manager", "department": 3, "manager": 6}}, {"model": "accounts.profile", "pk": 6, "fields": {"user": ["shan"], "surname": "Никитович", "position": "Генеральный директор", "phone_internal": "111", "photo": "", "role": "director", "department": 2, "manager": null}}, {"model": "accounts.profile", "pk": 8, "fields": {"user": ["saa"], "surname": "Алексеевич", "position": "Монтажник оборудования связи", "phone_internal": "989", "photo": "", "role": "employee", "department": 1, "manager": 4}}, {"model": "accounts.profile", "pk": 9, "fields": {"user": ["pvs"], "surname": "Сергеевич", "position": "Начальник сектора", "phone_internal": "885", "photo": "", "role": "sector_manager", "department": 1, "manager": 4}}, {"model": "accounts.profile", "pk": 10, "fields": {"user": ["zsv"], "surname": "Васильевич", "position": "Администратор системный", "phone_internal": "333", "photo": "", "role": "employee", "department": 1, "manager": 9}}, {"model": "accounts.profile", "pk": 11, "fields": {"user": ["ksa"], "surname": "Алексеевич", "position": "Монтажник оборудования связи", "phone_internal": "114", "photo": "", "role": "employee", "department": 1, "manager": 4}}, {"model": "accounts.profile", "pk": 12, "fields": {"user": ["shia"], "surname": "Андреевич", "position": "Финансовый директор", "phone_internal": "998", "photo": "", "role": "manager", "department": 4, "manager": 6}}]